{
  "project_info": {
    "project_number": "148502151352",
    "project_id": "hospital-9cb3a",
    "storage_bucket": "hospital-9cb3a.appspot.com"
  },
  "client": [
    {
      "client_info": {
        "mobilesdk_app_id": "1:148502151352:android:76323c8d7fdb657a84744d",
        "android_client_info": {
          "package_name": "com.furfriend.app"
        }
      },
      "oauth_client": [],
      "api_key": [
        {
          "current_key": "AIzaSyBeLngm6JMwHiO-ZObLW3V4lpDuOSi2sdY"
        }
      ],
      "services": {
        "appinvite_service": {
          "other_platform_oauth_client": []
        }
      }
    }
  ],
  "configuration_version": "1"
}